"Metaproject","Project"
"akn_m","ABCOAKSNPLCC"
"akn_m","ABCPRAIRIENPLCC"
"akn_m","ABCRIPARIANNPLCC"
"akn_m","ABCSHRUBNPLCC"
"akn_m","AGASSIZNWR"
"akn_m","BAYOUCOCODRIENWR"
"akn_m","BIGMUDDYNFWR"
"akn_m","BIGOAKSNWR"
"akn_m","BONSECOURNWR"
"akn_m","BORG"
"akn_m","BSOL"
"akn_m","CACHERIVERNWR"
"akn_m","CADDOLAKENWR"
"akn_m","CAMASNWR"
"akn_m","CATISLANDNWR"
"akn_m","CECO"
"akn_m","CEDARSOFLEBANON"
"akn_m","CLARENCECANNONNWR"
"akn_m","CNPSM"
"akn_m","COSU"
"akn_m","CRANEMEADOWSNWR"
"akn_m","CTCRES"
"akn_m","DAHOMEYNWR"
"akn_m","DEEPFORKNWR"
"akn_m","DMWADC"
"akn_m","EPRE"
"akn_m","FELSENTHALNWR"
"akn_m","FERGUSFALLSWMD"
"akn_m","FFG_NWRCOMPLEX"
"akn_m","FOXRIVERNWR"
"akn_m","GREATSWAMPNWR"
"akn_m","HAMDENSLOUGHNWR"
"akn_m","HORICONNWR"
"akn_m","ILLINOISRIVERNWFR"
"akn_m","INDIBA"
"akn_m","JNDINGDARLINGNWR"
"akn_m","LA9799"
"akn_m","LAASPN"
"akn_m","LABLOA"
"akn_m","LAEN"
"akn_m","LAFO"
"akn_m","LAFR"
"akn_m","LAINVE"
"akn_m","LEOPOLDWMD"
"akn_m","LITCHFIELDWMD"
"akn_m","LITTLERIVERNWR"
"akn_m","LNFFT"
"akn_m","LOESSBLUFFSNWR"
"akn_m","LSAC"
"akn_m","LVNP"
"akn_m","LWM_COMPLEX"
"akn_m","MCOS"
"akn_m","MEND"
"akn_m","MERC"
"akn_m","MINNESOTAVALLEYNWR"
"akn_m","MNBBA"
"akn_m","MONT"
"akn_m","MORGANBRAKENWR"
"akn_m","NEALSMITHNWR"
"akn_m","NECEDAHNWR"
"akn_m","NETN"
"akn_m","NNC_NWRCOMPLEX"
"akn_m","OTTAWANF_PCSURVEY"
"akn_m","PALO"
"akn_m","PANTHERSWAMPNWR"
"akn_m","PATOKARIVERNWR"
"akn_m","PATUXENTRESEARCHREFUGE"
"akn_m","PIFR"
"akn_m","PINN"
"akn_m","PLAS"
"akn_m","PORTLOUISANWR"
"akn_m","PRES"
"akn_m","RICELAKENWR"
"akn_m","RYDELLNWR"
"akn_m","SALL"
"akn_m","SALU"
"akn_m","SAMDHAMILTONNOXUBEENWR"
"akn_m","SANTEENWR"
"akn_m","SHERBURNENWR"
"akn_m","SHST"
"akn_m","SJVTRAIN"
"akn_m","SMMO"
"akn_m","SOOA"
"akn_m","SORI"
"akn_m","STCROIXWMD"
"akn_m","SUSA"
"akn_m","TENSASRIVERNWR"
"akn_m","TESTMMN"
"akn_m","TOOTH"
"akn_m","TRINITYRIVERNWR"
"akn_m","UPPERMISSISSIPPIREFUGEKNUTSON969"
"akn_m","UPPERMISSISSIPPIRIVERKNUTSON9294"
"akn_m","UPPERMISSISSIPPIRIVERNWFR"
"akn_m","UPPEROUACHITANWR"
"akn_m","USACEPORTLANDORNPLCC"
"akn_m","WALLKILLRIVERNWR"
"akn_m","WAPANOCCANWR"
"akn_m","WDFWNPLCC"
"akn_m","WHITTLESEYCREEKNWR"
"bam-ak_m","AK_YC"
"bam-ak_m","AKALMS_DIST"
"bam-ak_m","AKCAFS"
"bam-ak_m","AKDEN"
"bam-ak_m","AKOR"
"bam-ak_m","AKOR_CNT"
"bam-can_m","ABCAWAWEST"
"bam-can_m","AD02"
"bam-can_m","AD04"
"bam-can_m","AD1"
"bam-can_m","BCCA"
"bam-can_m","BM"
"bam-can_m","CF"
"bam-can_m","CHSS"
"bam-can_m","CL"
"bam-can_m","CLSS"
"bam-can_m","COCL"
"bam-can_m","COMW"
"bam-can_m","CVME"
"bam-can_m","CW"
"bam-can_m","DA"
"bam-can_m","DARV"
"bam-can_m","DP"
"bam-can_m","DV"
"bam-can_m","ECJOSM"
"bam-can_m","ECJOSM_JRB"
"bam-can_m","EHPP"
"bam-can_m","EM"
"bam-can_m","EMCLA"
"bam-can_m","EMCLA2014"
"bam-can_m","FBMP"
"bam-can_m","FFBR"
"bam-can_m","FG"
"bam-can_m","FLPC"
"bam-can_m","FTL"
"bam-can_m","FtLiardRd"
"bam-can_m","GLDRcnrlbl"
"bam-can_m","GLDRCNRLEXP"
"bam-can_m","GLDRCNRLHE"
"bam-can_m","GLDRCNRLHZ"
"bam-can_m","GLDRCNRLPE"
"bam-can_m","GLDRMEGO"
"bam-can_m","GLDROPTILL"
"bam-can_m","GLDRPCCL01"
"bam-can_m","GLDRPCCL03"
"bam-can_m","GLDRPCMC"
"bam-can_m","GLDRPCMCII"
"bam-can_m","GLDRRAKL"
"bam-can_m","GLDRSHL13E"
"bam-can_m","GLDRSVEXP"
"bam-can_m","GLDRSVSB"
"bam-can_m","GLDRSVTP"
"bam-can_m","GLDRSVUPG"
"bam-can_m","GPMN"
"bam-can_m","HEDW"
"bam-can_m","HR"
"bam-can_m","IMBE"
"bam-can_m","ITHNT"
"bam-can_m","JL"
"bam-can_m","KENO"
"bam-can_m","KTPC"
"bam-can_m","KX"
"bam-can_m","Lebl"
"bam-can_m","LMWELL"
"bam-can_m","LP"
"bam-can_m","MANBBA"
"bam-can_m","MAVEXP"
"bam-can_m","MB06"
"bam-can_m","MBBA"
"bam-can_m","MR"
"bam-can_m","NWSS"
"bam-can_m","PERI"
"bam-can_m","QCATLAS"
"bam-can_m","RLMBP"
"bam-can_m","ROMA"
"bam-can_m","RP"
"bam-can_m","RUEA"
"bam-can_m","RUST"
"bam-can_m","SC"
"bam-can_m","SH"
"bam-can_m","SKAMP"
"bam-can_m","SKBS"
"bam-can_m","SNPC"
"bam-can_m","SRDR"
"bam-can_m","THIN"
"bam-can_m","WAP"
"bam-can_m","WBHS"
"bam-can_m","WF"
"bam-can_m","YKTeslin"
"bam-mn_m","MNNFB"
"grass_m","BBS"
"grass_m","GBM"
"grass_m","GNP"
"grass_m","MANBBA"
"grass_m","MBCP"
"grass_m","MBSARPAL"
"grass_m","MBTGP"
"grass_m","SKBBA"
"grass_m","SOD"
"grass_m","SUFFIELD"
"grass_m","UNRUH"
"kbo_m","KBOFIREFUEL"
"kbo_m","KBOIMBCR"
"kbo_m","KBOINVENTORY"
"kbo_m","KBOLONGTERM"
"kbo_m","KBONPS"
"kbo_m","KBOOAK"
"kbo_m","KBORESTORATION"
"kbo_m","KBORSRCH"
"kbo_m","KBOTRINITYRIVER"
"kbo_m","RSLCOOPMONITORINGBLM"
"kbo_m","RSLCOOPMONITORINGCCC"
"kbo_m","RSLCOOPMONITORINGFRANKLAKE"
"kbo_m","RSLHABITATRELATIONSGASQUET"
"kbo_m","RSLHABITATRELATIONSKLAMATHBIO"
"kbo_m","RSLHABITATRELATIONSLTEP"
"kbo_m","RSLHABITATRELATIONSMEADOWS"
"kbo_m","RSLHABITATRELATIONSRIPUP"
"kbo_m","RSLLBMETHODSLONGTERMMON"
"kbo_m","RSLLBMETHODSORRIVERFLOAT"
"kbo_m","RSLOLDGROWTHBRANSCOMB"
"kbo_m","RSLOLDGROWTHCAVEJUNCTION"
"kbo_m","RSLOLDGROWTHWILLOWCREEK"
"kbo_m","RSLOLDGROWTHYUROK"
"kbo_m","RSLTRRPMAINSTEM"
"kbo_m","RSLTRRPSOUTHFORK"
"kbo_m","RSLTRRPTRIBS"
"kbo_m","RSLWILDFIREBISCUIT"
"kbo_m","RSLWILDFIRECANOE"
"kbo_m","RSLWILDFIRELEWISTON"
"kbo_m","RSLWILDFIREMEGRAM"
"naturecounts_m","NFATLAS1PC"
"naturecounts_m","OBBA2PC"
"naturecounts_m","OBBA2PC_SAR"
"naturecounts_m","SKATLAS1PC"
"neon_m","ABBY"
"neon_m","BARR"
"neon_m","BART"
"neon_m","BLAN"
"neon_m","BONA"
"neon_m","CLBJ"
"neon_m","CPER"
"neon_m","DCFS"
"neon_m","DEJU"
"neon_m","DELA"
"neon_m","DSNY"
"neon_m","GRSM"
"neon_m","GUAN"
"neon_m","HARV"
"neon_m","HEAL"
"neon_m","JERC"
"neon_m","JORN"
"neon_m","KONA"
"neon_m","KONZ"
"neon_m","LAJA"
"neon_m","LENO"
"neon_m","MLBS"
"neon_m","MOAB"
"neon_m","NIWO"
"neon_m","NOGP"
"neon_m","OAES"
"neon_m","ONAQ"
"neon_m","ORNL"
"neon_m","OSBS"
"neon_m","PUUM"
"neon_m","RMNP"
"neon_m","SCBI"
"neon_m","SERC"
"neon_m","SJER"
"neon_m","SOAP"
"neon_m","SRER"
"neon_m","STEI"
"neon_m","STER"
"neon_m","TALL"
"neon_m","TEAK"
"neon_m","TOOL"
"neon_m","TREE"
"neon_m","UKFS"
"neon_m","UNDE"
"neon_m","WOOD"
"neon_m","WREF"
"neon_m","YELL"
"new-england_m","NE-FBMP"
"new-england_m","NE-NPLM"
"Standalone projects not part of a larger metaproject","Aspen Seismic Lines"
"Standalone projects not part of a larger metaproject","Black Spruce Seismic Lines"
"Standalone projects not part of a larger metaproject","Compressor Noise Impacts on Boreal Birds"
"Standalone projects not part of a larger metaproject","Fort Simpson Linear Effects 2005-2006"
"Standalone projects not part of a larger metaproject","imbcr"
"Standalone projects not part of a larger metaproject","Manning Linear Effects 2006-2007"
"Standalone projects not part of a larger metaproject","mnbba"
"Standalone projects not part of a larger metaproject","tima"
"Standalone projects not part of a larger metaproject","twedt2020"
"Standalone projects not part of a larger metaproject","usfsr-r8"
